datetime,liquidityProviderCount,reserve0,reserve1,reserveETH,reserveUSD,token0Price,token1Price,totalSupply,trackedReserveETH,txCount,volumeToken0,volumeToken1,volumeUSD
2022-01-10 09:38:21,0,40.105326149876786502,73112.512185969860679526,80.210652299753573004,252280.5676294158708977534751595478,0.0005485425811640064987254456307681785,1823.012532368957693429380513940078,1654.321326227855428947,80.21065229975357300400000000000001,678,2016.111950642670020257,770674.947430109277888482,2237548.925880771347938603075714111
2022-01-10 13:21:51,0,225.673466700381712284,376599.355231403944421584,451.346933400763424568,1364163.728836700663027179705878735,0.0005992401834084797362102873291293326,1668.779944482356598714323939904284,8316.929400706538312528,451.3469334007634245679999999999999,6031,8269.417817002743549393,9891158.43261650095713338,20673157.54355588206863385800739552
2022-01-10 17:03:02,0,513.025711203628771917,607522.818405805684520218,1026.051422407257543834,3149459.771154377200636253651970982,0.000844455048700646685557874871458574,1184.195655575377931625647272403324,15382.411724664294619864,1026.051422407257543834,10438,15904.510670860399526654,20235290.897214202602849278,43742453.34830939863769400859693639
2022-01-10 20:51:10,0,767.728813125363967063,920501.813206446715602429,1535.457626250727934126,4688791.026146998283802759561300373,0.0008340329178180343360987559802959403,1198.993443347730836125113771136035,22744.637256305473215575,1535.457626250727934126,14582,24040.237562112600627802,29947059.557281209679971055,68429443.96105234509890565384576348
2022-01-11 00:30:56,0,694.557992141748306758,1048301.945767433524371717,1389.115984283496613516,4269495.343142986771106048578353521,0.0006625552828038310765365948588169562,1509.308016937326766221381476640136,22862.463987775786670747,1389.115984283496613516,17777,28701.030194534423736698,36468070.491691232858450805,82761362.76579728985462345099691393
2022-01-11 04:14:24,0,809.134259721236416536,971334.700237848193275301,1618.268519442472833072,5045499.859139999804900762593108944,0.0008330128219686847611390680926725208,1200.461713946574456588185255393847,23588.543251893824323552,1618.268519442472833072,20110,32247.842931623133625536,41091378.192100232089240204,93745147.38143414045513100775250143
2022-01-11 08:03:45,0,918.380164893230065479,1008640.105735935054065579,1836.760329786460130958,5752848.07017459214521890600405419,0.0009105132342751247821791805960161559,1098.281674945798199578010354778322,25295.8727817176525844,1836.760329786460130958,23882,39714.277309904624637054,48731179.711672813151316677,116992190.0945338731246377141710221
2022-01-11 11:42:45,0,901.123215428840776049,924054.292885065591185131,1802.246430857681552098,5599340.704862530410531725680603526,0.0009751842747414442282689169652668783,1025.447216389061745692079333970361,23805.910564632769277684,1802.246430857681552098,25901,44163.524061906706792084,53473680.18449641751116067,130839037.8601304684123600849509546
2022-01-11 15:18:14,0,1171.711389403148793616,1166283.481653381261270125,2343.422778806297587232,7362295.376648002784603883716078149,0.001004654020943581110596027036325316,995.3675386286614295830258125644055,30306.897755883385561146,2343.422778806297587232,27928,48238.318941448106848819,57716612.952597572623237342,143543215.230385387771095999654845
2022-01-11 18:53:34,0,1564.218340379328359347,1391900.654318902580048597,3128.436680758656718694,10146748.99140687189031202002239589,0.001123800276640250469820597606590472,889.8378304280474398142089101976598,38038.129943619584809064,3128.436680758656718693999999999999,29759,53310.067751658906256477,62576940.742361508705428311,159786987.6982928633340875229431382
2022-01-11 22:40:10,0,1247.136963366222605997,1338745.052067417660351918,2494.273926732445211994,8066116.363649624013638136130497826,0.0009315716696321490670056800406368092,1073.454713790159932616736864739759,32995.340945929337110844,2494.273926732445211994,32609,63147.209021719610682628,71552796.504177484445600488,191613824.270349432624050048563072
2022-01-12 02:15:58,0,1103.628499636353915954,1391126.406647798841028624,2207.256999272707831908,7140826.175940035474359413496228776,0.0007933344477988672296986147513718906,1260.502430941368054531861073229364,31345.674954611076818653,2207.256999272707831908,34570,71299.612026295664489742,79914482.198584050505495208,218000913.2277312920824492161840159
2022-01-12 06:02:52,0,1279.518131715647751361,1193688.846883490644576765,2559.036263431295502722,8263697.044278189348453997348494786,0.001071902560752110661037903965861607,932.9206185479587406601627111370329,30958.424773513617049058,2559.036263431295502722,36697,79359.840628566505342526,87492796.348317373366877217,244042564.13847414594005795575701
2022-01-12 09:45:55,0,1718.556499784823636464,1488988.874857838319962488,3437.112999569647272928,11199551.16775486538511227329856122,0.001154176857062752303991832185597416,866.4183429781162669399614611143412,39852.873742042734376665,3437.112999569647272927999999999999,38293,84726.482619801093512479,92087643.715406193322851785,261380097.2288074309437333399989423
2022-01-12 13:37:16,0,1839.037381085640561878,1492080.805591468716382885,3678.074762171281123756,12289025.13328416030925827827373933,0.001232532027886141478405648198172407,811.3379428484739860132299485993758,41071.640847571505017186,3678.074762171281123755999999999999,39929,90865.700250383233566074,96879724.082557000577677647,281541328.3751034603007337724444285
2022-01-12 17:13:48,0,1787.939229487671951981,1432934.37305359408786685,3575.878458975343903962,12037002.01621450288855491647803275,0.001247746765734678975547638504579527,801.4446740811188942557366927719916,39425.640953018841540768,3575.878458975343903961999999999999,41830,99068.365515818178304246,103085333.204841456759136552,309139043.7190193756671927698653967
2022-01-12 20:54:57,0,1759.570519129459378882,1563557.863341905115145941,3519.141038258918757764,11896512.26052882230760154011471462,0.001125363224721726806955087736775575,888.6019891464590135916744754068884,40670.760662468772996434,3519.141038258918757763999999999999,43011,104695.187435958951182767,107541232.419735965805126133,328148798.0649390107094578107731431
2022-01-13 00:37:57,0,1774.052257863144022894,1642948.047549445133529498,3548.104515726288045788,11971795.34828961845813539221342287,0.001079798147305539348964455344928812,926.099014427221748191500581643904,41774.220324497690546045,3548.104515726288045788,43983,107186.082152069704312004,109778000.211191903337505805,336560370.2016219405679181806638798
2022-01-13 04:20:12,0,1951.142790030249523207,1582317.140669711152718399,3902.285580060499046414,13044193.94833723776676725876679756,0.001233092115278757570227479381276303,810.9694219996988095204717100763293,42825.266328025185913282,3902.285580060499046413999999999999,45080,112187.267462790187048425,113839322.077586839866704065,353260990.9151527136864076151503312
2022-01-13 08:07:22,0,2247.383965826780895264,1627777.804844823824180238,4494.767931653561790528,15010830.73093982245199548328308093,0.001380645416799391837884170570746533,724.2989313781934478012602176147925,46504.415676807247023472,4494.767931653561790528000000000001,46258,115659.717526160470514795,116470338.230737382067105444,364849778.9075248202176481466196263
2022-01-13 11:59:49,0,2215.066471331472660202,1674820.970040646660984033,4430.132942662945320404,14802764.485607577215111234617001,0.001322569104969896956905389502071251,756.10415837043239873914892888509,46728.458529355766335049,4430.132942662945320404000000000001,47304,118968.391960809053509747,118880942.413689557242007153,375960187.8336481437097565011487451
2022-01-13 15:28:51,0,2212.396875736819906833,1679170.239577347343747527,4424.793751473639813666,14664578.72176459337657965078879845,0.001317553648576863449032510651927739,758.9823769833855055733343540338047,46692.347764388493571453,4424.793751473639813665999999999999,48167,121231.06655402950034488,120506859.802794551350805722,383566438.3183178111882219351956801
2022-01-13 19:17:51,0,2170.088976008774456189,1684176.219724965028586973,4340.177952017548912378,14221367.35723671732597271775100901,0.001288516575992957302195155352357443,776.0862519206471899844396353115042,46177.808543197572340665,4340.177952017548912378,49154,125518.53866374037482792,123797395.560164239652527737,397677377.39217766455905948798395
2022-01-13 22:59:55,0,2194.814030917057882508,1768572.715447088914097506,4389.628061834115765016000000000001,14301309.78592922568873699671321081,0.00124100864598163648283494744060408,805.7961588245028645788396680804656,47534.358066587505206242,4389.628061834115765016000000000001,49899,127218.741243289214187961,125150603.017706619738039507,403219565.6947727706684461991149955
2022-01-14 02:46:28,0,2175.565175386067807231,1735572.210271425029541007,4351.130350772135614462,14191906.32865866687593267584210679,0.001253514640595583492822381027882481,797.7569368674219370243790148060866,46772.219395408290857543,4351.130350772135614462,50581,130470.162375421342531054,127711939.502146729329709423,413791207.4089068325695637140470321
2022-01-14 06:15:19,0,2322.697173994130100921,1949779.036046745814226731,4645.394347988260201841999999999999,15313120.88892861295157693977032251,0.001191261743537611613115210014574723,839.4460792725247781243147774136469,51147.255618304664859909,4645.394347988260201842,51360,132778.99243821942613854,129558941.588322823535753094,421342212.7982977047297977927587211
2022-01-14 10:05:11,0,2063.486324905917273854,1799085.729208512377217937,4126.972649811834547708,13457555.16399309159690098772057469,0.001146963866926855663684720260577837,871.8670472849099234342465599643565,46202.648380997482490967,4126.972649811834547707999999999999,52243,136038.95606571477765017,132461136.389058657873716277,432045598.8004660485152565278479002
2022-01-14 13:55:16,0,1742.579093668953402563,1737901.445103788990147881,3485.158187337906805126000000000001,11199829.66472095447233128751833599,0.001002691549960064081287895689371619,997.3156750346891002806324460535817,41612.690357231399409545,3485.158187337906805126000000000001,53204,139436.218029536090073346,135737117.218528521326181166,442974092.4365676812021130576755174
2022-01-14 17:32:40,0,1766.408841415414152779,1684763.859290563308059135,3532.817682830828305558000000000001,11636145.83256296651612728537257743,0.001048460786759297356347157510908539,953.7791137529468273201136715858291,41178.6054269039919199,3532.817682830828305558,53756,141594.323067873182388581,137702797.912527711030059761,450009017.0056550658684727951644303
2022-01-14 21:17:22,0,1904.637888109762590732,1716249.410929413633983047,3809.275776219525181463999999999999,12597560.63052295856881493353054273,0.001109767540766892096290022065627299,901.0896095491867606685150298581632,43094.304231300038120719,3809.275776219525181464000000000001,54252,143467.36770908519590991,139351733.912869796658964098,456195441.4940514207488595672312429
2022-01-15 01:06:50,0,1858.645203524388094342,1765101.86888025884471997,3717.290407048776188683999999999999,12305847.70808125977988501586331865,0.001052995997734380650421237864281389,949.6712258656191524557830918458377,43102.819542112044721032,3717.290407048776188684,54722,145569.488972928795523136,141222170.490312253956852962,463166020.9336542063478196841190694
2022-01-15 04:47:25,0,1825.105708409588975511,1791433.622240593238927769,3650.211416819177951021999999999999,12067931.70550127562147268096954513,0.00101879616735499313175214303618402,981.5506104584277208221327571304817,42924.742095682928449402,3650.211416819177951022000000000001,55222,148734.860192866729066998,144042910.899729734327383357,473641130.4500226946069276239571306
2022-01-15 08:37:43,0,1944.899979184168031468,1758598.556203738986093251,3889.799958368336062935999999999999,12897781.502418470931074193083167,0.001105937436558912686529533365593973,904.2102807474051387476896958965778,43860.690794933686548942,3889.799958368336062936000000000001,55635,149978.713447845538540042,145202425.482018578766823316,477755416.7461460407743282763592025
2022-01-15 12:23:34,0,2043.350224901152524972,1916765.032875813303227552,4086.700449802305049944,13538560.21717840596947024075532637,0.001066041058686999035355494087864363,938.0501734442206031137372277027098,46872.166015473054551539,4086.700449802305049944,56045,151911.418792498915468599,146878531.68142634097581802,484174701.2049943940880268826589471
2022-01-15 16:02:34,0,2199.19870279178619229,1952300.154392587269494312,4398.39740558357238458,14788420.1538460917910062581862972,0.001126465465796172954096607704294077,887.7324963470685680859274371160032,48987.508985469824742167,4398.397405583572384579999999999999,56505,154603.286206797166284875,149124579.277282497070838623,493098999.519961498793506216032954
2022-01-15 19:45:46,0,2369.336926762485626453,1989078.913199694321001451,4738.673853524971252905999999999999,15845844.07304482978154194461509152,0.001191172914779482738421043196650913,839.5086788765056456455902905876253,51270.059629267378410919,4738.673853524971252905999999999999,56960,156245.277664952087176126,150466351.080352357336624031,498605413.1234352311177235000602889
2022-01-15 23:16:41,0,2413.887776063506080324,2118081.737008774010959466,4827.775552127012160648,16107272.17336794313651242569027625,0.00113965751835076925209706981509773,877.4565901580050017470524638455512,53367.224370218718815258,4827.775552127012160647999999999999,57377,157304.918429726925124228,151370381.313967829757163383,502150389.0313016370340562714377558
2022-01-16 03:08:23,0,2364.809791421310847087,2092543.985603469384281922,4729.619582842621694173999999999999,15644224.57971176750804818933407139,0.00113011234539919247902430617148826,884.8677780320747120753261094729089,52471.942367594881204126,4729.619582842621694174000000000001,57798,158242.494964304992458147,152195102.36997407235519538,505268747.4199202438756159112610071
2022-01-16 06:52:35,0,2613.892072962923841854,2234163.00400489336990581,5227.784145925847683707999999999999,17336751.82029768667048791478160986,0.001169964800364762808197068357311143,854.7265692850139904610396685105047,56984.335177101334725389,5227.784145925847683708,58153,158787.719871077107568055,152669767.66335892231775704,507074572.1239841493705811604866228
2022-01-16 10:34:20,0,2663.462918032447245796,2111833.488227972016151088,5326.925836064894491592,17721141.08493322629866926246188896,0.001261208770899520341116307131703672,792.8901408501775562777695215583296,55857.472369022913702729,5326.925836064894491592,58547,160883.574782447009947579,154385435.182806731859128942,514042567.853291122944253435587884
2022-01-16 14:12:55,0,2679.019782970207979329,2180958.071253622302489439,5358.039565940415958658000000000001,17899884.88999584925971510463987674,0.001228368311285460920681641781208933,814.0880799452743837372339833106288,56888.825105705793645205,5358.039565940415958658,58981,162177.300910056916172396,155418131.480308588850310537,518335807.3048754224125967402963701
2022-01-16 17:48:58,0,2831.196023286551250012,2063800.814651087667249964,5662.392046573102500024,19053483.31904460716744553150221416,0.00137183588803127869190962144253806,728.9501672354553479224733368901052,56835.593248923814692241,5662.392046573102500024,59534,163958.218409822876870516,156756411.116522571438230166,524318873.926691262434082939628461
2022-01-16 21:28:44,0,2930.448130871671657433,1961983.561224133978850521,5860.896261743343314865999999999999,19567786.40586497479034217871353126,0.00149361502756082561205254745340362,669.5165632024121056614738789437503,56273.323345853233641195,5860.896261743343314866,60274,167608.119554135605311073,159302464.295361591370911875,536536803.881879754634761391622588
2022-01-17 01:07:37,0,2833.516073151138661748,1970719.882139588071891013,5667.032146302277323495999999999999,18909246.45121615491577259043287402,0.001437807624934915974848392123344749,695.5033362305796344822265320144571,55368.901359638610049134,5667.032146302277323496000000000001,61059,170645.479739919989287905,161441875.72666406312060816,546691287.2386945289805228297058795
2022-01-17 05:02:49,0,2744.449660975966612063,2015986.894483021547995371,5488.899321951933224126,17861863.31519921533599752603264931,0.001361343006984056616330804290754274,734.5687272566358516946826503229205,55013.115458207863192346,5488.899321951933224126,61596,174142.961827095251617651,163908585.249562768898079704,558279163.1548031754764760590009535
2022-01-17 08:42:55,0,2857.955111420871133468,2004798.55134703376286969,5715.910222841742266936000000000001,18647633.45133081369707264095099733,0.0014255572508772002980712023145399,701.4800699057589399427209404499051,55937.405426870642715647,5715.910222841742266935999999999999,62107,175678.226643595607393553,164998451.551706022637669401,563295539.7087769923406197478825906
2022-01-17 12:22:34,0,2891.663983965796085969,2042313.155887952610055077,5783.327967931592171938,18798419.06255564160523832966770954,0.001415876882362129480950683055842157,706.2760981955467814132817986290964,56737.297457390446434237,5783.327967931592171938,62624,177499.027106917062641,166254433.499186461685729699,569228978.5345287736912754645887152
2022-01-17 16:07:15,0,2910.184862014335230387,2038898.36270071076039868,5820.369724028670460774000000000001,18836619.0174441538621470623826905,0.001427331992242871959676984803955943,700.6078511759736400694436053287963,56820.3532680023345595,5820.369724028670460774000000000001,63072,179315.234868131461517208,167477476.847145432478206772,575128316.5692922336645243667433459
2022-01-17 19:43:09,0,2895.658339637805000331,2046697.621711492574737086,5791.316679275610000662000000000001,18612371.88809355353747266525417476,0.001414795380089606598817125210715966,706.8159919610881277904755231260989,56736.55585241934791551,5791.316679275610000662,63525,180997.50909993183160197,168705103.69846575445369929,580542923.2724108973520408014267224
2022-01-17 23:20:22,0,2864.004329721017158773,2012725.019335100344351011,5728.008659442034317546,18365820.59941683925174739118284256,0.001422948640379665583810170318676773,702.7660532661136076596213097851875,55932.572202898242323056,5728.008659442034317546,63925,181773.155305775449502989,169258083.727794339839641875,583020452.8944553263551847859116695
2022-01-18 02:58:42,0,2767.734278164366052364,2061199.686890213404659863,5535.468556328732104728000000000001,17802824.25177433592992560784566274,0.001342778332331361892821385445683802,744.7245579721096220666391863098668,55573.569691662499302857,5535.468556328732104728,64435,184085.605834560695025159,170964818.795317804107849097,590480671.1974486974009673945310417
2022-01-18 06:48:31,0,2830.082223951293991957,2028324.199934501191605962,5660.164447902587983914000000000001,18082889.83206121201194094386378945,0.001395281002929750202173664782884594,716.7015088001940897170252989136186,55722.248798006285384678,5660.164447902587983914000000000001,64835,184880.117456014489183737,171550004.692234764264390073,593012924.559883112660596352180673
2022-01-18 10:37:15,0,2916.255069751316897698,2036354.662670809683258431,5832.510139502633795396,18552146.43699326299032278978803569,0.001432095854032843877693106763522431,698.2772816386254731563421730238438,56644.984765343767904697,5832.510139502633795396,65166,185918.021432866289166314,172286445.442400081649405194,596313145.8380317544811422503058417
2022-01-18 14:17:28,0,2782.770529224234572228,1891772.557714521967900929,5565.541058448469144455999999999999,17425179.42854545564626278932243396,0.001470985778853954967677962432778966,679.8162255376119327063094029715924,53289.393689865697833998,5565.541058448469144455999999999999,65594,187537.864479610949755065,173356349.367816363075404357,601432175.055035283710946798787521
2022-01-18 17:54:47,0,2830.421997403148108284,1891764.348731183040368309,5660.843994806296216568000000000001,17628016.99375540234107159962012018,0.001496181064677282885591081415719394,668.3683035486710228374740803785609,53695.017664999283729198,5660.843994806296216568000000000001,66063,189206.906832690538480552,174514490.90397824456877175,606645167.9689666220944417441387092
2022-01-18 21:33:31,0,3140.698773080161091166,1883156.578827068233664834,6281.397546160322182332,19867510.40108391467189098391197597,0.001667784191921182756487503752792076,599.5979604819630395326969153718891,56328.035704713681375478,6281.397546160322182331999999999999,66611,193337.080702340658556828,176868480.343229669220833463,619568772.3775600623822335073623805
2022-01-19 01:22:13,0,3112.050495871859604499,2016981.871312282207124073,6224.100991743719208998,19665475.70728641347162756821320125,0.001542924376334184599536158650761877,648.1199048626660034970221494688033,57848.35921707698370522,6224.100991743719208998000000000001,67478,199827.636554890532536625,180923833.517783985099913784,640131812.6725397018230083452282639
2022-01-19 05:04:07,0,3255.554848065974889894,1957703.406461280398424575,6511.109696131949779788000000000001,20241253.12400833462303209279463628,0.001662945897382215896186175935428832,601.3424739639363910099968111107971,58212.862178572433955018,6511.109696131949779788,68182,202692.179919108664279646,182704839.907877994888409925,649130679.3688013213596763900008889
2022-01-19 08:51:31,0,3290.788918998000871669,1914921.997959246815839124,6581.577837996001743338,20121362.89884456781649721301685004,0.001718497632021059022868242978575271,581.9036240532600735489107331790984,57818.526955825414948104,6581.577837996001743338000000000001,69013,205168.235845849358036848,184165183.839607125405348726,656762038.7527751136404119180089652
2022-01-19 12:31:40,0,3424.160055031862459447,1912723.878666299610148053,6848.320110063724918893999999999999,21380392.42013563257634457717366151,0.001790200924045269999849373114454311,558.5965164962189103318526850932255,58898.511020409748421524,6848.320110063724918893999999999997,69729,206930.130411110838609058,185155597.335004706621910064,662206586.8095431259927659581778092
2022-01-19 16:22:37,0,3472.149488706135761851,1875976.995016030583071011,6944.298977412271523702000000000001,21480128.03845936722349375711745666,0.001850848650026470915660072948976859,540.2926922121362855426881002711231,58615.22226479518099094,6944.298977412271523702,70688,211603.806894259784906807,187723000.116554410347675998,676855269.5708527252644333435869265
2022-01-19 19:57:40,0,3655.84508520197034818,1901159.397553496934261394,7311.690170403940696360000000000001,22861477.70912376262416312850843275,0.001922955586946832068328728870108933,520.0328113598023878755328749015587,60473.337977563027609129,7311.690170403940696359999999999998,71675,214548.030132843780139574,189260224.66822050120588568,686074273.7969588270583849842947052
2022-01-19 23:37:01,0,3542.745061588078257932,1840916.345553265847802101,7085.490123176156515864,22103305.0103274412630432174038384,0.001924446523681307050624104060240762,519.6299235621692925378471546037893,58508.174901848562347418,7085.490123176156515864,72415,217515.224819799895473881,190790814.589580084675637129,695328015.8720145755508277531278465
2022-01-20 03:23:18,0,3913.980954116769284189,2040219.854123829232331878,7827.961908233538568378,24449151.42695586649938615869970682,0.001918411364444654540467513652055379,521.264635173531693687854484211924,64675.483974018950138455,7827.961908233538568378,73258,219954.772543305648167464,192105586.480735199475188851,702918723.7763558339839215550889548
2022-01-20 07:16:16,0,4401.076471173258385463,2111745.599816528433700686,8802.152942346516770925999999999999,27595220.16434039349543831544348245,0.002084094064908022248450182171010502,479.8247914228061512439123159327296,69710.114113527401271059,8802.152942346516770926000000000003,74139,222553.037076836156528133,193381094.763662602618107317,711051844.4018719937156558259306133
2022-01-20 10:53:08,0,4408.577091060184689119,2130840.67919581868320242,8817.154182120369378238000000000001,27698626.24909664965083843275771771,0.002068937923939008857839490635408882,483.3397795213305999627539949061582,69999.037711262666354201,8817.154182120369378237999999999998,75086,226119.342154685601578083,195074515.249877268185101688,722236843.8847485051152040870833984
2022-01-20 14:35:49,0,4231.563853664159390755,2077953.820559914739995422,8463.127707328318781510000000000001,27115277.98272541350724238336930208,0.00203640899609787477239533653959925,491.060490263095246257278455768402,67643.570723052790120207,8463.127707328318781510000000000002,75903,229494.754195880989734565,196730638.361284536692929036,732887347.192959324812149653994124
2022-01-20 18:08:15,0,4326.936513318073773162,2062598.826854213780963072,8653.873026636147546324,27949695.21865775504704555605094755,0.002097808093839231725417773954936317,476.688026391338878834997089316426,68058.189099739218142834,8653.873026636147546324000000000002,76733,233374.628604609563682897,198545769.274742712264767083,745480777.8316017641941125004106322
2022-01-20 21:49:44,0,4290.858809964160950729,2166128.251988541471524999,8581.717619928321901458000000000001,26726714.79454145269010771983790923,0.001980888622834350539378659524427931,504.823940363265852039736178247665,69401.692757338866892508,8581.717619928321901457999999999999,77447,235590.838557373783098533,199589789.816283063532636048,752581550.3189943018635053493079387
2022-01-21 01:31:47,0,4123.028146353689145956,2190377.549515012341968717,8246.056292707378291912,24633790.18806360540249980855681529,0.001882336744761924370264073701948728,531.2545710977335070639458483287464,68195.048174331053519898,8246.056292707378291912000000000002,78803,244267.129210480020797569,204165199.776651440901048805,778849438.1526946066880106692041094
2022-01-21 05:12:47,0,4298.096081571566052788,2149209.569321617286804713,8596.192163143132105576,24579699.10169495580450158249278827,0.001999849685634998130271591804293972,500.0375814157637906348252026120019,68822.001876090357876025,8596.192163143132105576000000000002,79697,250120.667116958672623909,207400610.315519525358655036,795779002.7430755229110354461693683
2022-01-21 08:58:37,0,4399.795341423398932705,2134185.574019357874408236,8799.59068284679786541,25441383.83748324002021990306748527,0.002061580489993271370738466353743868,485.0647378814027391135463037872836,69334.331547780885947275,8799.590682846797865409999999999997,80157,252331.842043693219957752,208501265.536820398407603293,802109623.3528497291663063027233914
2022-01-21 12:47:45,0,3964.424471386828186926,2244692.798980152672401674,7928.848942773656373851999999999999,21955438.89232067816607057314520217,0.001766132306918796861789818840342799,566.2089958280673404521298074366235,67443.923599929524758493,7928.848942773656373852000000000003,80613,254530.26150754588128324,209679772.010305342852167797,808353292.8075095080458813562327442
2022-01-21 16:30:45,0,4420.979984895106108522,2315182.267864884710335511,8841.959969790212217044000000000001,25184476.52455217912296834135125814,0.001909560230422910656202114594585094,523.6807847524818924825898556338361,72255.32536090113244071,8841.959969790212217044000000000002,81171,257457.14227289823676192,211262429.80233407535679983,816548301.5607768328346309550157554
2022-01-21 20:11:35,0,4182.624241834739419581,2446932.453255130899911551,8365.248483669478839162000000000001,22885621.30916038734190168216073108,0.001709333756340774462758161949979287,585.0232561607699357812150215059001,72214.39871896093912477,8365.248483669478839162000000000003,81580,258974.651976993705123471,212102688.229187243655280766,820757435.1884999515109846165978843
2022-01-22 00:03:59,0,3832.159600025897364272,2467551.489546868729234546,7664.319200051794728544,19870210.01791256016436805769571025,0.001553021128944960658939048124471163,643.9062427176032163978434985531882,69133.066366595182490779,7664.319200051794728544000000000002,82426,269691.995433606386640256,219134716.631715570492850506,849212678.6503278801283255145092197
2022-01-22 03:33:24,0,4141.644773345266739467,2481287.023519115096207103,8283.289546690533478934000000000001,21506615.39494045847757749916247572,0.001669151828905037088577357922875771,599.106673630762270207302881186938,71948.121715852273205939,8283.289546690533478934000000000001,83029,274187.332527219973481412,221918669.761407816044430461,860862547.7028328323546187512428533
2022-01-22 07:12:03,0,3997.565514193961747269,2613732.104695452420624254,7995.131028387923494538000000000001,20152782.27736238930351361474602654,0.00152944730143250515748745274846822,653.8309617228287468336218686368448,72454.33163525648731495,7995.131028387923494538000000000002,83548,277677.988348267859863007,224103577.700479487290457516,869722920.5624654243436633586650319
2022-01-22 10:58:18,0,4136.893995530308844747,2517448.201002572646331396,8273.787991060617689493999999999999,20135973.79607816192161002385196923,0.001643288626110675333133343623465618,608.5358251196525319535122975114279,72201.790021487512296617,8273.787991060617689494000000000002,84016,282728.798866014873005775,227307393.225708775491854527,882030463.2416643320664455500263083
2022-01-22 14:41:32,0,4413.078569111444937942,2680352.423440872528679627,8826.157138222889875884,21733345.0397842616075388520383802,0.001646454596984005761996569063021888,607.3656703511966635097623747948543,76873.599457767212602394,8826.157138222889875884,84413,285509.30382344852949482,228965320.8359560320714333,888892227.1598362256711188759592016
2022-01-22 18:23:30,0,4305.111791482652841665,2723472.556479380370234533,8610.22358296530568333,20528532.90421972208207653003271608,0.001580743591941256702464944833781764,632.6136668198885305712142137916581,76475.763670817050247522,8610.223582965305683330000000000002,84846,287739.957244779845616385,230379403.761675637334475174,894281187.0837676282016545631000533
2022-01-22 22:06:08,0,4436.252938230233725931,2680418.760560381363452082,8872.505876460467451862,21674266.36024741968410019533650459,0.001655059650941545097282429872242033,604.2078298695222737420338978285229,76987.935544291477620755,8872.505876460467451862000000000004,85149,288794.342639480700718475,231026630.649810912929812927,896804061.0080553711574463764856219
2022-01-23 01:42:23,0,4355.88148649952153506,2645097.126253411903204697,8711.762972999043070119999999999999,21361210.71699417783748416077490419,0.001646775630000895849338410668244043,607.2472665869217398717373656247322,75747.904143372517277793,8711.762972999043070119999999999997,85437,290155.422559728581338727,231849519.576848653396640692,900094319.0516034366661082571653208
2022-01-23 05:26:06,0,4417.064107268486575287,2707009.350259778162361347,8834.128214536973150573999999999999,21371641.46001461400554785051762313,0.001631713649915765160475694788247361,612.852628922742383658649773204056,77135.791080793509596929,8834.128214536973150574000000000004,85704,291276.51345006229693595,232543024.576784142431264117,902820223.055172742532092112826968
2022-01-23 09:14:34,0,4683.963735224538192553,2666538.123186788891545523,9367.927470449076385106,23672550.88261448785169075216205691,0.00175657107411864676674545681938951,569.2909411603207753231224153590187,78806.175896940424372395,9367.927470449076385105999999999996,86037,292441.251441580258206784,233225292.156895766889097111,905721001.6235735478156736060680042
2022-01-23 12:55:19,0,4630.980545872403788283,2702069.195400185975965467,9261.961091744807576566,23053965.55604073183191675680616759,0.001713864527879545749205334342912294,583.4766889289876518297911801250207,78855.163216950426443215,9261.961091744807576566000000000004,86281,293399.191256785300394484,233780110.66346095359919791,908135568.990884038152697316585913
2022-01-23 16:35:02,0,4601.96316249548684896,2751991.073029670996293554,9203.926324990973697919999999999999,22317090.72524503260545292547199518,0.001672230410772800536130224559191251,598.0037162090972903104560546975534,79303.408157613272059118,9203.926324990973697919999999999998,86526,294460.620809703645542108,234399798.877672195132675203,910750545.0014824433938981296961476
2022-01-23 20:13:32,0,4708.198372279558745686,2806955.498967330017729753,9416.396744559117491371999999999999,22590568.51183754975724631025908078,0.001677332745036994680451705781706967,596.1846288155212400427745592545629,80970.35380826981576319,9416.396744559117491371999999999999,86805,296081.184310182815023645,235329043.957378251541468517,914667313.2857550885890987386169891
2022-01-24 00:01:33,0,4598.872452388329580055,2781197.3205030792150939,9197.744904776659160109999999999999,23321451.12741720977655484144970533,0.001653558493849137849326535472054023,604.7563504525379334193092631363811,79631.220514530877282469,9197.744904776659160110000000000002,87070,297080.027052510017364974,235928985.831028258664461769,917154825.3113649317837826193433971
2022-01-24 03:51:07,0,4555.276333768195883113,2848178.684051159574378378,9110.552667536391766226,22353986.61829685877209053036502456,0.001599364660397259355309204027152628,625.2482781203970532434430361363218,80151.861482310054176329,9110.552667536391766226,87408,298939.071044705436515445,237127254.072819196621911755,921731683.0631741430838661797260914
2022-01-24 07:31:57,0,4527.101024654828925985,2990716.893274821632261541,9054.20204930965785197,21899702.75204160856029346763712881,0.001513717675797013851133290307749406,660.6251720443659267394941645160971,81843.251191602680353342,9054.202049309657851970000000000002,87772,300237.657812484641649811,237979791.593881789032406133,924895011.4956831400177206357331586
2022-01-24 11:13:25,0,4482.763112290734598405,2995017.043757555766791288,8965.526224581469196809999999999999,20096200.15135019348275945320777493,0.001496740434794537578408263597652403,668.1185172479644063762111644922624,81416.831218981026754509,8965.526224581469196810000000000003,88238,303268.121394824487557562,240051369.512986851538317659,931972703.531332536148838975536128
2022-01-24 15:02:20,0,4584.610272541241800965,2951596.776231819418547595,9169.220545082483601929999999999999,20277142.22975054430042066205608286,0.001553264426042036354653231690395015,643.8053838316237653649797216424253,81667.5521542526899167,9169.220545082483601929999999999997,88642,305856.727931453628683342,241748503.160783738165833792,937714024.4511878816744568765759031
2022-01-24 18:41:18,0,4661.917824843472074158,2903508.483212739699764874,9323.835649686944148315999999999999,22189816.83476570609489217822667808,0.001605615362172129029757558948207891,622.8141705415469244279843130797413,81607.625330489041084864,9323.835649686944148315999999999998,89058,308587.568408497841008911,243466714.498828852120627682,943905471.7912929599409078772154731
2022-01-24 22:21:16,0,4646.286043232528798629,2904630.211798922410780287,9292.572086465057597258000000000001,22750425.22931259426335901736497116,0.001599613618407882637799086201319472,625.1509667661580101981668657920455,81440.800015952148430091,9292.572086465057597258000000000002,89422,310330.663815511721520357,244548568.573857566265948907,948117575.6518233727333111622399415
2022-01-25 02:06:26,0,4504.981523577888847728,2990121.055790172819785697,9009.963047155777695456,21501269.2770137952189795622793835,0.001506621785380323761916545003896424,663.7365858529419875252668397615076,81292.756109505623253565,9009.963047155777695455999999999999,89799,313037.341303004559649381,246254075.828952746544070172,954655308.6106708323460821818062486
2022-01-25 05:51:55,0,4633.109589855337150121,2942564.99851586188199466,9266.219179710674300242,22084883.9713729769478369076941282,0.001574513933317406173147536451653806,635.1166406594193394069982202739012,81759.700221867896672809,9266.219179710674300241999999999998,90087,313882.857829193101985733,246804533.336875856427273574,956681913.5241423329574372090979308
2022-01-25 09:37:24,0,4628.335185967685379534,2939154.022969315334712861,9256.670371935370759067999999999999,22328281.78083331040151851271318288,0.001574716789184070955757513713919161,635.0348245909941415492399602032179,81640.107354956519565163,9256.670371935370759067999999999997,90372,315029.114998321975127305,247525743.685345989698701699,959410607.8661316594216671638218713
2022-01-25 13:24:20,0,4634.678935648208273772,2936702.730303374260995638,9269.357871296416547543999999999999,22455902.97695065155423612319335415,0.001578191380361275323922626740088389,633.6367138002506964475662618978983,81643.88519120753587867,9269.357871296416547544000000000003,90632,315714.560039348845971653,247957745.040910838715459825,961074408.1118539234950196046662096
2022-01-25 17:07:54,0,4695.795729103295060914,2928136.156737650411559374,9391.591458206590121828000000000001,22998596.74589769441687229710342581,0.001603680798209555409794562860833066,623.5654882919714790818548087339702,82019.027248814532682372,9391.591458206590121827999999999996,90980,317290.988555202899192277,248943260.769431805230248193,964905863.4403095086320830362398373
